{"version":5,"hash":{"type":"Buffer","data":"8JcBSWriojAJDFlsQuCCCl1mTjfWtMhaLmAcejtg2hmMqMYec0/jLfjrdD8kn+SQjYpzaRML6M2bEgT0pqm3p/CHHyTORFVeV5ZeoMlvxN4/aW71dg3Dasls69lKqCODDmoFvrOtHwk9JEofJPvRq9cEgCjkP+Rcz+DOTmgQ0dw="},"indexValueMap":{"ASTCNv6aB6Kfgjlf0Ui0VmJW427UBEMOMX7O/dYmVb8=":{"valueMac":{"type":"Buffer","data":"ziiTU7uzF/V+vFuPhd/sg1dRocy4oV22UGlMJnUs/i4="}},"AcbOI7eQGEvxSTWuVfxnVUuk14jwB3yqDluTtf0tO54=":{"valueMac":{"type":"Buffer","data":"uOzZ9VlOrqjbLf/zZzV4d5jdVJKEPIyKNKd05YKopaE="}},"A4TS/XHfep8CwFf628rtTZ4PI1KTiXpjtnsopMA+Gyg=":{"valueMac":{"type":"Buffer","data":"7szWkGOYAtaFVkk6DOA7dUrUdkG7jcP8RirLj/xWB8U="}},"CO3oJOvzGDmNsJj1E+jyk38xw3kPI73f0xsNCBeCs9k=":{"valueMac":{"type":"Buffer","data":"F/9Dh0hiUcW9XpXslAKKTV4hGHVNWxgie+9wt0MSvDQ="}},"CgqIflsrOoFx6dxEiXiSPDil+pmiTgr+oSBArOfVPGs=":{"valueMac":{"type":"Buffer","data":"0GH/wOuINQcmBGBgSCR7edRxHXzMPaIJ+1/AsEwYRv8="}},"DDlyUatPi5f6D41HX0uxtk/a+roH2ROTEZUS3JT6hfo=":{"valueMac":{"type":"Buffer","data":"M8xawUavMjfrhDJ0pzSt1JTIp0niTc5dyyjSOhNirA8="}},"DQtbTKgZOvXN749svjPFOg3XaWNZEigS0Ov2n5VyJtk=":{"valueMac":{"type":"Buffer","data":"L148yEg+SYVogLpWewqi9Gr9/Psq3nGbBGP8Vd8qbVQ="}},"DYfFSKqOQqyRIFkDQFDzVjSqHXvL3zqE5ykW3hfAqig=":{"valueMac":{"type":"Buffer","data":"Ia8bcX1Edy7XJVY3ERKa0N8dNtuDGX4JDztfk8Bwxbo="}},"DaAqmAvQfENkfrrmZTsMgomMoaYyS+T22SqRXQH5LOo=":{"valueMac":{"type":"Buffer","data":"Lxu27KCLHj/9UcT4ZNJrUv31Yzs8pKd+fkeqV83YC/s="}},"DfIAqEpAcbGt+JG/8lg3XdL/XhD2kSYfxZuY6CsU3g4=":{"valueMac":{"type":"Buffer","data":"f/bLzjNk14ZTPuu5/HlRRlAFuEIEkZ3LcSyj/JgAdJk="}},"DpZL21ppXalSM2wiwKyx4dOTA5k9aCrvSTqsg+5GnyM=":{"valueMac":{"type":"Buffer","data":"mGqRtHAxWhu+kg0dcOYpVqE6O/ouY95hrXmcqugSlqA="}},"DtndwSM1Bq63kvCWwY8GER+kX2j04xHY0qinOJqwGJQ=":{"valueMac":{"type":"Buffer","data":"OXUSArVsgsMRz3Zl4ejd5NALuK/ZqNeVW3EsMsitqm8="}},"FE7X9W5AQnOUnTfqG1tW/rV3NhcWCDInTIydwabz2Ks=":{"valueMac":{"type":"Buffer","data":"n8vwgecmkTAq+fNgNfhIpd0utgyd15jbhZ/rBazZEgQ="}},"Fm+hUxpc6zJcIUzH+KqQQHt8FMzUmhSuBK8IM1lDge0=":{"valueMac":{"type":"Buffer","data":"9qxkcbRvqBErGYm18Lhny7Qw9OAPqw3NrCOCppVgss0="}},"GLDY1p8VAsf2BXV2RPJA7UoTsdM7SsTmkwp9LFrYcE0=":{"valueMac":{"type":"Buffer","data":"uPvy1Ouh16vMFLFx1XPVITKJOanyz2whLeSJB9qOGss="}},"Gx4oHpMEAsHPVw958wL9QOCh1zo4r3HzKkG9kcSvjCY=":{"valueMac":{"type":"Buffer","data":"MAkNYTCqWRrkzj1PU6CN3Xg6fOW+jicc+1v17vTdh/E="}},"HyGLDGHXyFKyZVbZHv4UXUU148Jc9unR3rscVsF8VMY=":{"valueMac":{"type":"Buffer","data":"yzDgwHU6I/GtwRf1zZijT67ZLZ9gfCUem6lLgmxbZgs="}},"HztNw9IAczq1B/H7lR8IVdLw3sAjopnvPD8ULHnUn7o=":{"valueMac":{"type":"Buffer","data":"vDcTQoCFc3SC2qsisp6QmuuWWA/X0PDqTk3+6KU/5lA="}},"IWxYL3LNhPLENNbUefBRD7zYJZuTufeF2KcCJZGNF7s=":{"valueMac":{"type":"Buffer","data":"8qHKOyQ0Rn/WcoTNo5uOGixZI1G3JyinvOZeX16GQoQ="}},"I87r1//EKphQ5VzkbAU9pw8dZzuoiIOoWxYjP3l7fuk=":{"valueMac":{"type":"Buffer","data":"YNYnP/n5RjoqVTm7LGKZ0yMN0j8IJgLAI9FQd2T2yYw="}},"Juxj/m5oe19GYYuq8iSnOphXGdEpucX4XfjuFkAYc+Q=":{"valueMac":{"type":"Buffer","data":"9Qw9+62/w6wdXamWzFKp8bSVZ4D1oBM2uMMIchnIttE="}},"K1ThSFliAAOk8+NWU14k7GdHH+KCunjE+6y9u/K0Njc=":{"valueMac":{"type":"Buffer","data":"kyf/vkKMDIggGEcrBz1Qj9ESCRKjDCSPyqCbZOS6Gpc="}},"Ld+byxr/ggxED8fiairL7+PTUz6wVOL2ZDHXltBKntw=":{"valueMac":{"type":"Buffer","data":"aJ20D517exHZCnxBsVcXRHso0HQ2wT2oytckTmy4opg="}},"LhIDxGMAWqD/U4Ix6cjfqP5e6P49znafW7iuHW5enfI=":{"valueMac":{"type":"Buffer","data":"WG8HGclYyKN+syavYnB4bCIheMu4vK2GeQOGW41/sJs="}},"LhsTNr6zX/6EAtLHoonuX+vxftbSeIIXokq9ryI3JQ0=":{"valueMac":{"type":"Buffer","data":"geIe45S36DMnAKevIps3pZl5mOaHcbaVVBW7RXmPsLQ="}},"L7re8pzSosae/zHIVgC6itVcm6C2KyBtBNmpQAVpA2M=":{"valueMac":{"type":"Buffer","data":"Nt/bAxZWvdrftIRxG6aLVvofPu2ugy33o4ESqvZVHsM="}},"MP4vpPHgwI0TjqwD1ma4JIzmMjAwLFng9Yp3OjjuMpU=":{"valueMac":{"type":"Buffer","data":"3/eP6xdmbJ8eM4z6VZjgeGUJYr/pN1qr3HthMd40dzI="}},"MpO987TOZGeLSr60nFwNmwEibbeSEg1WWCpciTLrN1M=":{"valueMac":{"type":"Buffer","data":"ogc8bJpjFypnUaURP10BYrUO81dvAWXraHToz9IQMnQ="}},"NFEsQamxvta0RHl9v9AoXcxQygggJqzKz5kYV2uMtgY=":{"valueMac":{"type":"Buffer","data":"d7V00BKyCBPGcgH21r+YQbVYe27ry+pfRdOzoU3a3aI="}},"OZvDInJHokKakfHWarZXXWraS5wqQCx3n8vEAWdYIBw=":{"valueMac":{"type":"Buffer","data":"oRJdTHrlPfkXbTw8UcDcUNbaNA6VaSmCY4Juky+dzpw="}},"O+VDM1LbMvFdbIivomPKXV94pznfoCGgPCbUuKNYO2g=":{"valueMac":{"type":"Buffer","data":"YYs5OaeeGJr6xogJkC+tvcygr9hwvQQ44tb80Wlnv2o="}},"QFUXcUBuTEx/UawvjffLNKDVtvnT3Y0SaXggfDIopo8=":{"valueMac":{"type":"Buffer","data":"waKlG8OqJlAIZDZ1P6qYzc/4pFmXbo9VfFPGAoRl9l4="}},"QZv4M7RztJpTrNG1mGoZfuAEDQSpwS8jNPCWwaV1kms=":{"valueMac":{"type":"Buffer","data":"0EXqJu19yKuJauenoA+/oPpzxypqwdIBo/8/EbfIyOA="}},"RK7WLW2phx+wAGWbCpvRoWqp+bJU5UNOGKirOuQh/iQ=":{"valueMac":{"type":"Buffer","data":"eDB7IFhIcdVFSlgYfd4yIl3rNg8LAL+5T3kKlEelIlg="}},"R2JNuTRK6gIXDQEQc3K9MwqUrOmXovgCNsNDKy8W1IM=":{"valueMac":{"type":"Buffer","data":"Oi5jUakBE0uFqpDro5f+s/VFdkBwA42YRuOv7kbcoBg="}},"S12NtJyA8AihF/o/nmCKlyU+MFoeSwRdXjizCE6iujg=":{"valueMac":{"type":"Buffer","data":"bBSjHTyGINHUw94mg26zzZ+QEZxEMKYkCWqOuHEWJKg="}},"S9P+CH3v5haJy64OWlEN28wnEBVhlX7tNII6Z3GumyE=":{"valueMac":{"type":"Buffer","data":"e9zR05iunD/qd5qYLOjtfH2+NUtnCzDW98oEjiMvFoA="}},"Ui5wC/jbrHbzP4B3w03s/N7DgR1ya8TvCVyHRVMCjwo=":{"valueMac":{"type":"Buffer","data":"L262G3FO79nHSWc6jJbvHJBtxdA3LtSgpWxEmGPG810="}},"WwZ/g8IXCayW8J0Wsl+vPWMyQ86FtyckxjfXNmpjgWA=":{"valueMac":{"type":"Buffer","data":"umUO0iwvIvzBjvFJhQQK/OP5VyLfVFVdYBFUa544dfs="}},"W6tdvQ7Ej1U84E5uZXrlvhuq1nFbkbOj0aClQXakXKM=":{"valueMac":{"type":"Buffer","data":"IDmLQBkhFDjlc+z3wxPe5i3eVRcnSZu/Eu6v4Bs+rXU="}},"X6LhWq03DmMZZoYTZgwwmN4VOUPXSb+ER6D0Xa2LzD8=":{"valueMac":{"type":"Buffer","data":"6V4EM4fKxi86ZrqQC56+q4NxXBJlhq/YLTxjALdcafM="}},"aTp+J1jIacwGxqabJDCeOTMvW2+1Z+JHz7knrbelBoM=":{"valueMac":{"type":"Buffer","data":"ls9vYb5VqCwgrAhSSjyRXBKeqmRBosY+0sWvTInVisY="}},"bPN0kVUKxAlJmvOZsbjiGtlw6ZOQvMjAbNiHshYB28I=":{"valueMac":{"type":"Buffer","data":"WVPLsOyPdFSPCHT8HuWFyA/gyj1FX75AJx/wfoOyH+U="}},"cT1SKg/+PNAGDMxLrTJXtZxeHSV5V8bjVsDc+NleYNs=":{"valueMac":{"type":"Buffer","data":"/CXnhMU3l7YMBMMFzlYQqY3UtsDeYNWUeZcBPAZXw/o="}},"ca0xUZXMIin01em7iV2fA3cYukgbNrxHnEd13IScA6A=":{"valueMac":{"type":"Buffer","data":"Ysnx1thlLVwrYHLKyP+2v9CDvqO7Z7duYhiWcfNhgE8="}},"dG5Y3FdWlZD+4p8Oo65PCcMeqBLiDaTlAVD69aZahH0=":{"valueMac":{"type":"Buffer","data":"H2WGXYTUcX+XGolg1P2rL6klywejLAIMKaPYj09kTDc="}},"eswywqtssgYqYlt6netr3HOEXczi6wL9/qun84rul5c=":{"valueMac":{"type":"Buffer","data":"6Ks59Evcfykp+21uUbAZy21X3SG5YyxdQseVsj2xqrY="}},"fasB3DJJOsmGaFTdgBm0Rl0jNUBxG8MknBqM35nlJQM=":{"valueMac":{"type":"Buffer","data":"bpSkzEp2pCrSLfcDcUfCa2yeuwgIkPaKM21ch0OVZ2Y="}},"gf04ct+TLO7lLuuQMEfred+ZHjID5zck8ROM/SxbArk=":{"valueMac":{"type":"Buffer","data":"HUUOMBNX/MJ3ofz/IypKBO+3rjntMhAZyd/KXDDPDO0="}},"g5Yul/Bc04zHG57RT7GtwOT/g1CYgEHQbfTCEwuZDlw=":{"valueMac":{"type":"Buffer","data":"bKODaq3AsH4TmnAif2DyVIEsX2xd3NuSqV5qHAe/wOE="}},"hJ6E9nQnNNyM/zNd9d6Laom3pii1ZRXQeyOrVEt6kYo=":{"valueMac":{"type":"Buffer","data":"rrlChp3YEcTTu4/n6OGFQd9UrushTle61zCWTAzIGHw="}},"hadVvJyVwfw2zWu9AOWGp36HDCyr0lhD1/KaeNE5Qrw=":{"valueMac":{"type":"Buffer","data":"vyEN7lxZ2mBw7/YSbnqIOa5tJU8y74QMx191+h3dM+A="}},"lbqYks875q2BZMtYmLIMe34hqvyPhrCxgtPLCL4NHPg=":{"valueMac":{"type":"Buffer","data":"fpqaacFcJ8yHWJHmDtaOdujuFvUjy5w10CsrXFps/6I="}},"lcC1cfOKFaS+vQWD/490T6vG8yxQNwfoFzBcN/gOULo=":{"valueMac":{"type":"Buffer","data":"u0wxgvFVogIFIHJqvnW7ElTtZTr0lsnTuoGf6fGgZGk="}},"l1JFclqE6Yn/m+RShu1t53xLXytk3SfR/jyT9Cmno5Y=":{"valueMac":{"type":"Buffer","data":"Ki3ct0nV20Mz9AqIf/bz3rivO9gAh4zXek+wgEBoHBs="}},"nMRMupptcbCTCTQgMsGJ8YjFqdqWJI+xV0HYsGSqH8I=":{"valueMac":{"type":"Buffer","data":"GuIQ8/1YH182lGFtJydQe3hITH6NIguX9xgraOg+rYo="}},"oVgt/M2/j3yzwuimjN0Cnfe6JrULtXIwPQeTOmCb/NI=":{"valueMac":{"type":"Buffer","data":"auKM+yzn2OFlaAiP9oZUxlwfSROOcm34PbCYHHfMGSM="}},"osSRaST4stGGuVpuLLBfx9MrV/GfAVBQ97LajbPeH6U=":{"valueMac":{"type":"Buffer","data":"CNTqX1mlkqqMn/L3AzC6BUD1sL6drhHZ+mBhTC6Qd5w="}},"pKunSOvv9WbCXNrBRxQ/FmcZ0VfQrRQQmhPdMx/W9hE=":{"valueMac":{"type":"Buffer","data":"2tJobHg3NWEbqMAfkIWk4lviZFo52JCxF6jGPkTJ8vw="}},"puWNy3K2/Sp9RRB2NJHHWEymrkHElvmsadx1aVAQNOk=":{"valueMac":{"type":"Buffer","data":"/eHNeojMsL6jNqvf63MhJCJonBIH56Uk6BK3Ys6yyf0="}},"pvZRamYMUCwbeuNO+xhkD+v6kRRy2NtAdA0jV9w6VZI=":{"valueMac":{"type":"Buffer","data":"HlCvRwB9fHdlbSRfCssyRr99MnTSnQnnQstPRVb6hwU="}},"qFJhJqTpc6fBHhAkOU8EYybYhxclYX19+0Q8Msduu30=":{"valueMac":{"type":"Buffer","data":"NoAQUzr09gNsj3ToLt6vmGhGtsu0fgTgKHqapOjMB2M="}},"qno8plBG+yIgBIoWvGGHULUckOfBPC+EOwZUV/Tc5Oo=":{"valueMac":{"type":"Buffer","data":"sqFSCDZgo+Z9C2t4fVqMg7slfjp0Ruppo5dGpng3svg="}},"rAUn24OKwFc87Pr7hAWJPEmewHC8xEU8i4yfnrWmiU0=":{"valueMac":{"type":"Buffer","data":"kgVrWsdBUkqIOn/pdQyXTlpqhLiJ2dZJjPtGKwldtuA="}},"rKEmI6BAtPRrREAzj0ipVzHVGuw+dEkTps4ND35f0r8=":{"valueMac":{"type":"Buffer","data":"wXDwJJjiF1htptH66XQcqWlbDdop6eXVGdxXDiwN3Jc="}},"rbNfkzgJdM0AvL28KVeJS/D/Z6LFHSg6XgCnfT28UiQ=":{"valueMac":{"type":"Buffer","data":"5YlTOIhhvMsWpzOVjFi0pWZj/N/Mfb2f/tp4pSgq4gw="}},"t0yU4hu+di393m1nugVXr5qOmUSQ/WTZuwLtIvHZJNo=":{"valueMac":{"type":"Buffer","data":"A38LOJgZMNiD1EQWPsM95owugvfo2pDphrQihC396u4="}},"vwCkacRwPOuRl2NhSFD953RgWYg7n5mr0Lnf3SECK7U=":{"valueMac":{"type":"Buffer","data":"kFwIZQr1PdbBpTnas09AM28lOL8+IzE2jKWQ9SktOJc="}},"v7KRTmCFVIm8lgxoA0TC+TAm+5yaBznLue6gRmy7kbQ=":{"valueMac":{"type":"Buffer","data":"GYDLmt5CMgcF5ybSdvkBeBqS188lNnKQd8dtfejvMV8="}},"v/KvxSAc3MUlfGqQoQh0gWwUeaFDbrCxU363Wm83epA=":{"valueMac":{"type":"Buffer","data":"yBjIsvu+446uo0Nz4DMGQzEK67YfR0Aw8ehrQo5tm1M="}},"xCUnIwKWfXc0sUyzf7eSzaZM2/FebYGA6LwNs8I6ouU=":{"valueMac":{"type":"Buffer","data":"pIlBfZuSoVwuRr/SC/kJgamccPxS3b0K33IY2bGYNTU="}},"xwNn0qOtCIYcZc5TmHJK6ulY93Qtl7xWX2XOFixlRcQ=":{"valueMac":{"type":"Buffer","data":"u81uI1jb7QbBjNoxyiPbwfZuQ8ArolM9OD0ZBah8OOg="}},"yAaJFjTJdiYIZBgE6ytoHvYDfmbNWZPRgmvO04i/+1k=":{"valueMac":{"type":"Buffer","data":"VdIEGNsf1wOB1XwX8nAgO6yXfKkJbcTMkcGBdDyhL0Q="}},"zfsu+aydQ8ozERPiz8PrdCU039p/PyNGddANLtvCuo8=":{"valueMac":{"type":"Buffer","data":"+C9lP0KXGBGb5qqX0qdFPtf2WWVqJuuxVuREzrFQZu0="}},"zgdMVfd3hERH9jKw4dOa4tNZyVCQlJsBGHfSqbL7AhI=":{"valueMac":{"type":"Buffer","data":"c9OFVrTJ4M71ROmWSg601ZIGLx3xOlQ0ORVZX6YJGwA="}},"1S1KwH4AtSSAVbd02MnUxM6NjbXEk6g5MtnNeDXEOSc=":{"valueMac":{"type":"Buffer","data":"M3WU7aDg8kU+veIF1664+QSrcxuk7hOhyrsxyIR3CrA="}},"1y7in17dWTbUNN2RlJwJGmLwClphw9SDgCGdKUyqFpU=":{"valueMac":{"type":"Buffer","data":"3fswxq61p2m1XJA1yDJNwBlO9q5rWNQyMPokOPLfOmQ="}},"16FmQl7wXKZo01w4zukIxh760cdNfTxPhQ6RfEHIGPo=":{"valueMac":{"type":"Buffer","data":"tID7cTC0YOfRTqxODt7d9+nbg1mSX1HaItbTN2XFmt0="}},"2ckRkd9qxBtjURNr0TplPjPmU+lMppTMEQ+h7QDTeJM=":{"valueMac":{"type":"Buffer","data":"Vvt/CI+gP7MnheCBxJ4qUqdAu/n6uU83FKucs6e7TI4="}},"2lPuolyYTiXVfo+F2oDH+O7IAgCB3+AGyRyST7v78jM=":{"valueMac":{"type":"Buffer","data":"oFqdukQd8hjqLR3vuMRSPghb/PDtsUqn1OjiRjIyqtc="}},"3QVjxPOnZ8xK+DVop00VC8GVV9URgsi3cjQiKMvOA4s=":{"valueMac":{"type":"Buffer","data":"rOLusQ+Oi4qcxwIgtWMZ4jnlV+LOwqvvJuCANHmNhE0="}},"4oWRfEIW4wJEmfUhbzh5FoMFLu9RgA0Nl1hWM6ETXC8=":{"valueMac":{"type":"Buffer","data":"kWdJ02bM08tvpFXXBIEOJPOGODbJp/OrhNlJ0GBMohQ="}},"5zIJWmsJ4stJ9YV7DGBReWnwEqjivTaEq0e/U9Q+9CQ=":{"valueMac":{"type":"Buffer","data":"7n8nu4mUN62goohuTS0i+gsJfBCZJNiVhCAq73JKw0I="}},"55AliXrYcm4KI0/TcrMk38guGONXQbYz4mdidSvXWuM=":{"valueMac":{"type":"Buffer","data":"GzPkkmIFouC6NvHYMAJtaOqzOpkqv8eOaVLNvFY1n34="}},"6EK82PVjC8Zw3/sdByXdfiHkxoK5CAGU8mrLTIVUybY=":{"valueMac":{"type":"Buffer","data":"Q1UwjC2MUP4zv/Be0YsZ1r/p7O++mgEsr16fehlgtWg="}},"7aOZsPmnVIdvR1ShVrCdyn9V6ZDiAW6uTUeJ3ev7nTY=":{"valueMac":{"type":"Buffer","data":"g1bLTz5RZydrPYHytGn+YOAkW7luf7MyK1jGZnWcku4="}},"76JUGtZDF6YZi3hbAqT+XVJsfP5WtnbFSslzIAgVTv4=":{"valueMac":{"type":"Buffer","data":"6sQ101v7Ih1M949Uh95v2nt68V1OSouQyrVeGtqfYnc="}},"9dyz7LvBIsnfUToZoEwxMaXfELs3g5rS3rVBcO5Cw+s=":{"valueMac":{"type":"Buffer","data":"4nFXYoOD5yVINqD3nzkydp+Y2DhwF2rxwMo5ug6BoXk="}},"9nMVnJ13sEg7I58j+eaI2MSJeFf9JWjcJOHGMgFoBLU=":{"valueMac":{"type":"Buffer","data":"WWFzINIz6Vh38Sl2NkVnnFXjpm7fHm4/TsqByajvNqk="}},"l3EyX4/pCIE20N68n9Gbs6Stwx9QOxvKCdLgPbzWhUw=":{"valueMac":{"type":"Buffer","data":"uonULK2JOunzl1fxAQYhu1pjVFuwaSrF2Z1f2lIOwCo="}}}}