{"version":6,"hash":{"type":"Buffer","data":"thvbrgW8IXfPJYCLTuhYLVgmYTIoGL2Ybb+15yMVhkUAWyQQ/uDoxFsGpFwEXTmB7U0J8kTK4nH1NS8z3F8+QPEuBQ9CvSqWC6osJwA60gFypqHC8OpKd6TCJSj7YejvZb+t6Meoabz1IyU94jUGMVAK5AsP0pzr3v3vcILxTtU="},"indexValueMap":{"uvpGH1cyPP46q0cGRjdHfcFyxMZ+tJBUFFgtJjVK5Y0=":{"valueMac":{"type":"Buffer","data":"VmSQs5DX/yt0mBuoNot5QdYdZIpCUXdycbuqjJMXwkg="}},"0YI7ZiLKefBG7Ho034nq/vFxltTrkQxyJuh21pt5I3s=":{"valueMac":{"type":"Buffer","data":"0IWsfZ5NTfPvjfQJr0WxiO5ILZASfe7A8229/O6dCtE="}},"1nh7gc130j8lNGg1hk/sRMBm4xrPRCR9MSkEkICwOkY=":{"valueMac":{"type":"Buffer","data":"fblwGSEJJiQ0ye+6dmwaOmRFCIgbhEOn6ONAL3FFqX0="}},"3+0SRXOhYWqHN9jx5ha/CeYVJw+ubkFkyv776HNqT2g=":{"valueMac":{"type":"Buffer","data":"gDtXIwg8yx0ifTN+CL3dx5AtUPVgxsvkVNsh4KmvoUo="}},"6dX88d6mUoYx8WymXvAXFk2VgwwMt6o4f3StIrNqrsk=":{"valueMac":{"type":"Buffer","data":"JlkwGk4NYRXgfbi89o1HHdjp0CPPq0otN/uDZZi26/A="}},"9/EdaWzMoA1/xzlLTwEEU39lA6tOEr4SmlcUrp8ZWwE=":{"valueMac":{"type":"Buffer","data":"aeO5GEwoDayoDF+OY2uYp5W/sWi4HHwOKCEStl0/iUk="}},"PLb8xlRzyGbGvWSQwKYntlT2LQHhiu4krNOLB3tVHW4=":{"valueMac":{"type":"Buffer","data":"CohgOoIFig/Q7H8u6I3gffICsFlWn+LdpRPxMYxR3JU="}}}}