{"version":12,"hash":{"type":"Buffer","data":"NrtRu0bc9x3D8A3hW11VqzJfY5Un73c33llkHi6ZHqTM82nLeVx59aq3ba+jsMhRx1aO/CEAl0u6CRd/oRpyYMm4qZ5atrJA4MI/O31WeTBZsUIUPW9Ua88GucnllQ0J8mq+PiJUS786WnKGKwTapAh5TxTDCX5xcq8F25yzlGQ="},"indexValueMap":{"Agjk7nms54yqYEqCi/IV8plQ/vjyYcAwWphL2NI3pjk=":{"valueMac":{"type":"Buffer","data":"WP/nlx31fDTx5fe/YGzgH5jZQHTL8/H3/3d9+ky0JEM="}},"B9ABE49C6U2Mwji3Lw3L0mTF622jvqwAkSgFG1nmzjc=":{"valueMac":{"type":"Buffer","data":"rR1vj5hjuiAYtZnO5HGsP68IU0q4Gk1n7uafu8KJSCA="}},"E0zYfeRiHeEJzVLhdxut9uGSGXhMlNgHHAfFZkmrJrg=":{"valueMac":{"type":"Buffer","data":"+TEpqykTUjeBeVHUt9r+PrODdwYRP6XX9JcjKJ6iVeM="}},"Glhu5Y+ZKPU5NbjIqIRHkIVPVFOCNXLwUb8gq4vFhwU=":{"valueMac":{"type":"Buffer","data":"3zlgSOggGr4pUlKK49lJ1PJciwaqQHwR91kB0prDgcs="}},"HWqZHj8zAdu++0y9WtiCYvFignifwnDHURskpOQrkB4=":{"valueMac":{"type":"Buffer","data":"2TTCgKRrE10excFStkvmMVvR5+Tg9Yya8tAQMZLXZj8="}},"H2m1j4pcpcTMeb1cQkxOZu/7xlUYYzanZAHlBo+VbPA=":{"valueMac":{"type":"Buffer","data":"rgbtGllE808BsvPB+BVFz634IAVo5PKs1kOs/EQ2pB4="}},"JNUn7gghgqCCD9vMoJWDWXOGGqyV/TT/WUm9T2rWGJY=":{"valueMac":{"type":"Buffer","data":"EP5La5sRX7OoNi9oTOTlxgQX73/rksqAQSlKbfSgLas="}},"Jp3m+fM1KI+8FrIRyeiFtcx5MzsiF8BV+9zdTxkuITQ=":{"valueMac":{"type":"Buffer","data":"JrxW+ttFtwu9VL5ehjHt98K0qk7sVPo7n5iMibfaKnk="}},"KaWkbgHbzrJSsKJhJ8reClDD87VfETHcShxOwhgL6iw=":{"valueMac":{"type":"Buffer","data":"VX+sx0yMQmv77by3Qe9pnRrp4TZNzsDjjigqoQv0OCY="}},"KiaRX7YmH0FcVNkHx0vxe8h6ppb18WB4ntCBlAK6uwo=":{"valueMac":{"type":"Buffer","data":"HEELcWfr7LbLawQsybnrvWoCRy86VbLFFoBb8xmrRJU="}},"KmvuMlPhmgEfuRIkj7DvHghRflpmMLny7JJYXTzUlBM=":{"valueMac":{"type":"Buffer","data":"J3lZK4nhzrzoXjp7nu189vDsLs+LD7itIdGLwWScLLQ="}},"ONUTtQV661KJQFxi9RD3O9g1zxib5LrdbykhlEHAMbk=":{"valueMac":{"type":"Buffer","data":"HXP0a7Oj/7eniNkGntqfEe/txXSYhf+gfdoswymYku0="}},"PD9HDV8K3ekstC2GqD7bg5eXlQ8xQyCVg7cnpV85bf8=":{"valueMac":{"type":"Buffer","data":"t3DyhShLcK2dJiuNh2I3idPOel916UyGQXIhvpv312A="}},"PU/as95fws40OpTpBg7Q1Q3XJSPrdemAAI2JPMD0CyI=":{"valueMac":{"type":"Buffer","data":"RLCdG8+vOF+9pMRvAJFuD+CBceqY4jZbrqJp76MnbhA="}},"RFLuN4fYR/YwdPmtXxBdoUsE7A8SMXuDL3teOrQuMmc=":{"valueMac":{"type":"Buffer","data":"bp3hAHOC5EK7JNRreZWc/PBckgiRZY83VjHLnS8zC/s="}},"RamCEJTNGlJGbVMS5HqPFV8DMpQOhe46gkfdv3GXSmY=":{"valueMac":{"type":"Buffer","data":"QlWLeyqXtsOzFhK8fc5A8I1hXA/L2zhmU9CyooC4TvY="}},"SCx4CAcjiS8sepAoIydol5oJCPGAtXC56EW8LJl6gag=":{"valueMac":{"type":"Buffer","data":"d4PRnTCIRkJL+KJu8SuMD2vSKwniLbUalBtJ1Hkl6Qc="}},"SV4aETntNnvrsPi2UUHHJjwrxdPpYZXVkbfhag9XAK8=":{"valueMac":{"type":"Buffer","data":"XjZNZuP/5B1tkClGADh4xoZ8mn1+dgKXneSlDqkah4I="}},"VpnqXXCJ9i1q8olPJjyFu8S2QMFNpeyzmdB4OSzRz9o=":{"valueMac":{"type":"Buffer","data":"vKRDO14Qj/knbrtaYRwZdVm9D9fqmtvAbDo0f7+EZs4="}},"Wv+sHG79czTZ6aVC+rCrpMVFF0tDFlfAEURNMbqGsAM=":{"valueMac":{"type":"Buffer","data":"hEGhQxuIWr5d2/8L1nytO3bVhx7nXTj4Q351LMkTbec="}},"X0tmNCkpc/VBdJr88dUMuOD3q2UdMCBmFebMfg4iKQE=":{"valueMac":{"type":"Buffer","data":"GVxNkHPnZsFuq/cZiRpVyERWF9vm5ikJeylwA8Y8NzY="}},"YCoHXORk6OBxHuzmTdM/4acZ2s70itnIANeC4Qi06Gc=":{"valueMac":{"type":"Buffer","data":"w8OPBImgtKswlyjpURUEjhOC2Aio9hUJ5GrDBZzFNhI="}},"ZtNSHCy92m78hj26vbX44uvdrR5utr8oCc1Je1MNwpo=":{"valueMac":{"type":"Buffer","data":"vpzbgSiutuJE0CDuFwCkl5GhuxZVHgVA2qjW60Hh6zE="}},"fMeFUdl49n6sEU1b2fhusvzLHvSbMkqTiRnoOKi8VSE=":{"valueMac":{"type":"Buffer","data":"8koLpH5fvyhsy8Z7JW+j75AjUEGmwlDFl4p2lHV6HHo="}},"gWQLtf7hZfavABsi6UJAC+Hnw2K5pL1rxPO1rKiUCsQ=":{"valueMac":{"type":"Buffer","data":"Sxp2eMNMYCV9Ww8YusH/0nRsidI3Npzt4hnF9kvdPTQ="}},"hqZqbRxPvAd63ixfRAWppYEzXLVqqaEKZ4f36628XlE=":{"valueMac":{"type":"Buffer","data":"/YApH9oYMEFQkVsyik+0beyiqhClG/RhHFjhbJs8VRQ="}},"iUBFG3G9v+hCoEuCnszcUfhF0wzzOwf9ZV4yqPGgAS0=":{"valueMac":{"type":"Buffer","data":"nrtM8XSDW2s7tX5TfFYsdPuyoljy8GU7Bt//L+UeG+I="}},"kLnaU5dtSTxcFbN27w6DO8++hoCV1aTgTaR4OfBn7yo=":{"valueMac":{"type":"Buffer","data":"V53WBhF7qOm2MqjUC7Gpl9S05dag4aOa36ugifGTJiQ="}},"kZBklt8cfAV498gMXLs6haeFgXZIXRUTy68xDvuj/lY=":{"valueMac":{"type":"Buffer","data":"WAfCylSX4S/q2yl5YnR606I7OzX1gdss7oDyQtnqGm0="}},"lIXU4o/1gDU9PNvr7w8JAXy5dQobGxB7Wq14o07tBg8=":{"valueMac":{"type":"Buffer","data":"gtzm/0UsU8t2LXIWbYNka7HZVpfoz4msdeFHkKYakzc="}},"lmpnXQlYalwHVDYjtojYQ1E0UNIDB+NFBeU26o7+hKU=":{"valueMac":{"type":"Buffer","data":"Xfm7pNscnOaPFYDfjJzVgDCkvUz4ISstEOkC5oMXJb8="}},"mlEK+gD+5bYavLMj8Vua7XBIMh1AqP/yYVAY7WDIDhk=":{"valueMac":{"type":"Buffer","data":"tNOj9SBRKgBnhsvvFZoJLt6Q4ekV7jANB9PKSwl4ZY0="}},"n5IPvtU0CLh11h+zVPdCunPTUhInwx5R/ouqgA7txmg=":{"valueMac":{"type":"Buffer","data":"5o05kt5AAWm80xeWxZ8+KK96Q4CnidXmdqsFoMn6Z7U="}},"p7O8TB466PU2OhkT0hsxCGxnHWS3x2zQ8eDSFOzdeEY=":{"valueMac":{"type":"Buffer","data":"e/vpaL/Mi1kzlmROjk6i92F5K4hfVZfwmkJ9DPjwIss="}},"p7e1Pcl+itdTcJAr+SXPTwlxavTPBUABaGAjTirwICY=":{"valueMac":{"type":"Buffer","data":"zezyK29vOEc5M5jzQmaI6RmWq/pTZGphg0QCbfjTdE8="}},"qq+Yb84Uctm8CWe1UvgCyUSHJ0O774F4iBEJydlmxos=":{"valueMac":{"type":"Buffer","data":"e+OjbMJLwUqAxgieaEICdSZgHUSI7OZZTg/Kxi3X0b4="}},"rRqoqzsn4/J8gNcPlJHILF7fepIqrWs2XhHwcjtsi14=":{"valueMac":{"type":"Buffer","data":"bYAyXm5BsFl+w8JHLt2yJXWWGJqpCsbMp5QAi6o53aw="}},"rmF7kCHQ1oxnzD95M5UWeESPqOj6pgfOQ+d88v/QGCg=":{"valueMac":{"type":"Buffer","data":"1qGhunYzIx2/867HzD8c/sXRK3KIZ7jTXtOGHJ2DZWY="}},"suf7ySS6PS2O+0xq+0timEqHQNVsfoyk03AD/ryBkog=":{"valueMac":{"type":"Buffer","data":"tXS3UkcU3wIVRy+xAFw4GwLTy+mCQUdD2jl+vIZk9L0="}},"tVaFWiV05em596UEQmuYdTnGJbEV9OF9mut1He1gTow=":{"valueMac":{"type":"Buffer","data":"qrC7gv35Tnb1Cj2wMSyDJ8AI4tuF7c+WbBgz2Ex6zm4="}},"uTKMn9ZLlEQOsb9az+51BCTLiOl+4dXgJinnkM/YmYM=":{"valueMac":{"type":"Buffer","data":"nIcPftDVH0M/r82L6fE4nPhBVgEmY3eiNGD/7LI99kU="}},"vyTvnLRbfi1rOYu+wJrWSegSdGQWUTyB7fsGVgzacco=":{"valueMac":{"type":"Buffer","data":"OIwkGQYOwVgl/qr4EKaCeHBARDZo/rKidcE41ruFmrg="}},"v4epgsprXdTMip6prUtnmn2MSawTIY89qu9yCMoEQ0I=":{"valueMac":{"type":"Buffer","data":"bH0MVxNN2GhGJikftPwbGN8wtUxJNV3zNTJad8wgml8="}},"wBzoNqBNQLbvWRKrh+RgcYEawkOvNnPm8yX9nynGo5Q=":{"valueMac":{"type":"Buffer","data":"wPxyjkzf46Ng9Q3o+SHmApDgJJxOyXo/eRuGbgQBw04="}},"wyruywDpYRHQmeH/68GQeZpNYhPyFKt49JRWcovLwTo=":{"valueMac":{"type":"Buffer","data":"5TDOZTmeKz2CrJc9wHUO2+52FwqgSiZKoTWsebgO3hg="}},"w0Y8Qvgo5c/YSRuXlWIwz7o5CVNDL0Gxd6GDqYO91Qs=":{"valueMac":{"type":"Buffer","data":"Oxux851RD6sBW2KfjM4DpTuKMZrlZeXeCmnWKtgJ/QI="}},"x9p7DvyEWCSi94476fpl4iqaoq0bZUexy3wqQlf3lis=":{"valueMac":{"type":"Buffer","data":"dNmnUOqBoY3bbAqHaayP8rsKtJlaulfpvKzGXuYxvh4="}},"06J3lmh2KXSXbcNsoqhvWKaHnxr2REbovUeO4tj6AbE=":{"valueMac":{"type":"Buffer","data":"u7Iemo+vhoPVVqiesaB1tF2KOdqFCvDYayi3kCapUy8="}},"1yEc+gGpPeEWEzHszisNbP2pe8N0IWp3eeq+qCZS8GA=":{"valueMac":{"type":"Buffer","data":"USrSvMPnfftZzT5phSHELyxBTuThs2s1pxfIrHaIHaU="}},"3TBP7JMDzTiH6yaipGBm17y503aQHo8Ls0yasIlfcxc=":{"valueMac":{"type":"Buffer","data":"xBB5ghl3o5CYGN+kJ3nf5ce5c+xrjjlVfErIL5qHnBI="}},"3U3uWnJy30R+9LPdGZMEnmo+zr+D4mzh32dHx4HGqUI=":{"valueMac":{"type":"Buffer","data":"VMB7auA3TnsPpEBjcOXx9HxAwDqxwH9OmrCCBT/JwEo="}},"4EOPpC1QdxuicyuzmuEvd8KQokaDWiz5iYTrzgSUaEU=":{"valueMac":{"type":"Buffer","data":"/DBUXqJFRSMMG2XzbbbF8QoQAmfWkSiPEToeWdyNJp0="}},"4VUiPdtD50MUXOYSiWlWFiQsXNhUwGXFQj18TOPNJ7Y=":{"valueMac":{"type":"Buffer","data":"JcCdsJhqgQ7xaVJ7FY2cQv+3egtNgSWkQ3xZYMOODQw="}},"4kaGMyJmRL0hTS35oYsj5loWCG5VD46bq7sTcDy/2zs=":{"valueMac":{"type":"Buffer","data":"Nn+OHOCuJaGjl9YMhqL8ribbNZjiTtgUOHNLZ6iWR/4="}},"4mi5yunyYicWVyGq7iHraJYoxuxljebXh2RY2Yequak=":{"valueMac":{"type":"Buffer","data":"t0IpSE8nPuszad2Nt2oT2FB+jDdqyMa51KU7wpEVKIQ="}},"5S+yRfh9HiA5seV1hJyrMjzA23dG0S973F1sJ/VC9fc=":{"valueMac":{"type":"Buffer","data":"ipmy7QSNGP9qoxZmeMKGmhP5k6SCMhju4mHaY1qyAI8="}},"6p9ToJ3/QnwS6hTXWnEhkSJ9l6sd2Mq9oaqO7hcqr3M=":{"valueMac":{"type":"Buffer","data":"DUs/xtP/t/ny4eMOUXsAY1W/EJxW8SGtszPY8b6H2Ak="}},"8qIaywo+4a0l6kmUf4fxPhKY9ylocAA7auNKSwmLU7Q=":{"valueMac":{"type":"Buffer","data":"nhHtH2A5Mu/rms/DFGo+z+Dgcfsk+hBRSW2DgFJr5mY="}},"90UVIjADaw/VsISWLDSSo3+ehMa6lPuX6w6cmXvj7qA=":{"valueMac":{"type":"Buffer","data":"qDqEOcVaVY2AawtYblexKycw2ybpIzZB4+i7jAmRZI8="}},"9/t0fFAumKrHU8JwZf49Fdcvtqo7KHlbuSX6Z9C1YV4=":{"valueMac":{"type":"Buffer","data":"HojF6AA0IsBAM71XNrMUpOgf+np/dP95gLZMNvwIbPI="}},"+5LCkpuvb2kfQWG6nEYUkYam5KzjUJizgm2pVhnV7uo=":{"valueMac":{"type":"Buffer","data":"yI0N/QpJxHbVYAMm3eQoavnXRlf7KSrBhzF8yeLLfZM="}},"siG9NQm6+9mFMJRdwSSmUKdNm+CjOzks6hX7PahXcIM=":{"valueMac":{"type":"Buffer","data":"/EOfCx9YGAedhNZc1iN+K5xdNXMMD9fIJoqs5+W1KKc="}},"sBipeNg4C/mvpvq2v56Ufe+YwIlLflXECr9kkZ3EdOs=":{"valueMac":{"type":"Buffer","data":"6AjZmDLKZcS+p9bU+13AbP6IueFJSSDuBWaqMvnf+No="}},"Ra/G0giyFY8Cz2mn/9O4h5cw5dIutj+/jSgCdcurTtw=":{"valueMac":{"type":"Buffer","data":"ZNuA2h7MVPm1SJ7FnhOBjVZxA9/qERSx75GeZhzfykU="}},"8HSEzetpWHv6bLh8uB/2HxPmVpGG8N3oI2WR115wTeU=":{"valueMac":{"type":"Buffer","data":"XW7kAJWBPC+0eqgcW+L0UueugH+NjNn67AJTkaGBj9E="}},"g4kc5Qejkw1ulLbkD2BOxajxMjEM2fBmnMyfEPY4JCA=":{"valueMac":{"type":"Buffer","data":"PmVAD1GBv2rdKNGVTXFBOnhcnrvccnrDsd32c6XBE68="}},"L2eePEUVxuVCteNjnXiE6ke7VkZnM8IgFf+gnv5yzPY=":{"valueMac":{"type":"Buffer","data":"KrndVYaS51dzjXO/1dCrigjSg8z5P71h8paml9/46NI="}},"60TLkr+lYvlorKvhsPEM9TTkjLDBSLeeDuJBReo99aY=":{"valueMac":{"type":"Buffer","data":"io8dR05aiVas3oyrCLIcj37KxZTBJGeFHuaxcObPQvQ="}},"1JZ5ZRvETIVrd2ndiJonBeMXpzCsEyFFuJhTzYxKWP8=":{"valueMac":{"type":"Buffer","data":"YzJXv9sP5op/zKTxPhASSU07sj8D6eNHphOHVQiT7HI="}}}}