{"noiseKey":{"private":{"type":"Buffer","data":"QKiNAQkrIH15+GWAihYOafVwNUWFnawrDewDC0GW62E="},"public":{"type":"Buffer","data":"pBLrJBkVYBzN97XeKF7CCmLOHuaGs5NAH10WIlBM5Ao="}},"pairingEphemeralKeyPair":{"private":{"type":"Buffer","data":"eMXlDoSh2AoPIwKEYV1P214RQOWbzMMEc4rTu5estXo="},"public":{"type":"Buffer","data":"ovo59du8J1H6YsylnVK2S9L0S1VGp2tMEijVJsmJC2c="}},"signedIdentityKey":{"private":{"type":"Buffer","data":"+MpnhkPV1LweTCj6DhAwGSfegyNwDCdhFZ9CT0kkgXo="},"public":{"type":"Buffer","data":"EE+6NHZAUoXILV93W2Q5SQB7VJTjGUj8j6SQxhv0ig8="}},"signedPreKey":{"keyPair":{"private":{"type":"Buffer","data":"UBp6LiMTE8Aqkd5+QjDxddWHhsmMBs7q/713LwvUv0w="},"public":{"type":"Buffer","data":"+XqD6DrF4iK4ylY7zyo29JOS2N7UWqiAEQy0YoXN7TY="}},"signature":{"type":"Buffer","data":"CBkC3bD4hBDWyChjspHVxDw/OB55+ZRf8ckRJ4RNsy/balWr0T/Q/3QF+8fb3DbhdQq8hcUAUIhanWBdkrpJBA=="},"keyId":1},"registrationId":174,"advSecretKey":"kuBHiA0PMpDE1CQeFbNZQMfgUQlrOV5w/2tpqS2FHg4=","processedHistoryMessages":[{"key":{"remoteJid":"6283879950760@s.whatsapp.net","fromMe":false,"id":"A590EB290A9B4282098A558A417B402B","participant":"","addressingMode":"pn"},"messageTimestamp":1765485377},{"key":{"remoteJid":"6283879950760@s.whatsapp.net","fromMe":false,"id":"A58633FB956548F78BDE676B9B8C3582","participant":"","addressingMode":"pn"},"messageTimestamp":1765485377},{"key":{"remoteJid":"6283879950760@s.whatsapp.net","fromMe":false,"id":"A58F540C943E4EC0564F39EF1056F8B4","participant":"","addressingMode":"pn"},"messageTimestamp":1765485378},{"key":{"remoteJid":"6283879950760@s.whatsapp.net","fromMe":false,"id":"A5BFB38F6A2C9D6B941F1D8963FE3195","participant":"","addressingMode":"pn"},"messageTimestamp":1765485378},{"key":{"remoteJid":"6283879950760@s.whatsapp.net","fromMe":false,"id":"A5D9CBE87F96B2A4C223CB29CB2BD2FA","participant":"","addressingMode":"pn"},"messageTimestamp":1765485393},{"key":{"remoteJid":"6283879950760@s.whatsapp.net","fromMe":false,"id":"A5F32EFC949B5099C53ED2DC0D7B86AD","participant":"","addressingMode":"pn"},"messageTimestamp":1765485394},{"key":{"remoteJid":"6283879950760@s.whatsapp.net","fromMe":false,"id":"A50E6B3AA2DFA81D425E07E0E5C18D89","participant":"","addressingMode":"pn"},"messageTimestamp":1765485394}],"nextPreKeyId":813,"firstUnuploadedPreKeyId":813,"accountSyncCounter":1,"accountSettings":{"unarchiveChats":false},"registered":true,"pairingCode":"W8SZ8N6A","me":{"id":"6283879950760:43@s.whatsapp.net","name":"Kenn","lid":"125473929572507:43@lid"},"account":{"details":"CKyNg4MDELvW7MkGGAQgACgA","accountSignatureKey":"G6vUqQRzN7NSPYqgCghP0KjzHQto20Jf47JtX8geC3o=","accountSignature":"LddDFUFT7QV8u2efXabVCPN4Mb+wJOLQXLKozBV/T3OVQRrmBI6I11Y/5g/euBPa74M95t15oFf/hVlSTHUmDQ==","deviceSignature":"gyLUJcFQpFMaF4PaLLgt2poOsGI38Z8GBj3R9SghAVafHT0CANGKMKGQY0ntFLgcr71OWTXTKApju7fW1STHDQ=="},"signalIdentities":[{"identifier":{"name":"125473929572507:43@lid","deviceId":0},"identifierKey":{"type":"Buffer","data":"BRur1KkEczezUj2KoAoIT9Co8x0LaNtCX+OybV/IHgt6"}}],"platform":"smba","routingInfo":{"type":"Buffer","data":"CA0ICAgF"},"lastAccountSyncTimestamp":1765485438,"lastPropHash":"3R9Z39","myAppStateKeyId":"AAAAAIh7"}