{"version":1,"hash":{"type":"Buffer","data":"mFzR16lpz3pUJYyeWTyUQhB08x09JAuMMTmBNgBnGyjkyDINuUXNNRWhLXzYl5JseH5aMSyIywS3x01P3bAMFd004A02mcdNe/6HkPqhEagLArT0rXli/vfkINfEA35H/h210cCfptN0HaY7QwR4mHxrrpFxnrjROtyb7pmuB/o="},"indexValueMap":{"oEB6SlWUF2EgJrERMydKMoPyM2MLvxCn7ziJCOtIfq4=":{"valueMac":{"type":"Buffer","data":"ZhfzSUVgRQ171OcVjLUi76c3hG22dFOHOppcQB11Uyw="}},"/8FQfCN10O7vBmFzI/YHdwjxaytY4WGJyIlCXWXnUF0=":{"valueMac":{"type":"Buffer","data":"pN8fIBn69HVAjvOt2hHmpiR0pNKrJyfPPN6WsEXa6wc="}},"4YOHe0VVUpsHMSJgrNpTTYIayYqw6kyCePK4OnNl/yU=":{"valueMac":{"type":"Buffer","data":"n+XEHqZE1coQufCFasgdtI4yuGePnLWSHwdr422tCYs="}},"84P25DNsjEfxW+xpWysFCwASzIEt+Nl+SwbWV17LTyw=":{"valueMac":{"type":"Buffer","data":"s0yK2dHMJRqug+sPezUZQb2bpzEY+c3fWRErb3GoKd8="}},"4zqvIZDAEeUnX5pAuxUm0l9+Mpy1FxL9k87SoW5YjSM=":{"valueMac":{"type":"Buffer","data":"AXElymFWj39JC7bMp8r4Nif8B4pSWQoTls6qewEAKUg="}}}}