{"version":2,"hash":{"type":"Buffer","data":"suIf6OICUhXm1caOza+VhHil1gsAZmVPzsLkyJzMleVeF9Od+uVXQLcdazGagUOZpOh9PX8u5iUAoXG+PeIcYzA/IIntfJSFsjQ9EZRVJCN3ricoS1jb9/ZjLxx6qO0N8QxOxJUaWjTFwZOB2/xBWOr3em9t01ClvdrC5oNKGio="},"indexValueMap":{"shnPT+JTV6HxS577zQwK1C54MrwTKPT5Lgrq+A3gRZg=":{"valueMac":{"type":"Buffer","data":"/No+tO+0zBSVUOPj2v2SGbiaoen0XQUvICUV9WswCgE="}},"o59emYZp54y77gZ4SW41V6p4Sl+Pxs7ImNQOMW22iGQ=":{"valueMac":{"type":"Buffer","data":"V7blqNLzJwV+ViGCcn5/VkyxUd/lUf1g0WksnQygDGI="}},"/pnt3DC7eHtt+ZE29F0pJ3tsFx7GufdQfGgNzCBXB7A=":{"valueMac":{"type":"Buffer","data":"vCKioR0bddLRMeHKXMtQU/2BauRvhi8gS42pesvDpJ0="}},"cq4S+zbBS5HQgICA1F5Fm7m8uBsEJZJYMcQ6OFX97rQ=":{"valueMac":{"type":"Buffer","data":"uYDmaf3W6at2bOfoUeETHX7KHrvn1CR2bRtqSNT2vDI="}},"8eFiOlCFUZJJlZTkKUFgS2E+j92qdyh/JsUbHmRvdJY=":{"valueMac":{"type":"Buffer","data":"rDJA3rgGu/MUj4tO2c3vn7i6cG746S98DJItX4l5FcM="}},"V+TYdHEJTAwItd0aUhxRH9CCI+xyJ2fYXbL8t7yOxm0=":{"valueMac":{"type":"Buffer","data":"KTQPZh2KEKykH/xWPAf1xqo43zprBocyXFXrJ6Xr9mM="}},"/CKXYmO0dPAYSpGcVfgnuc1Q4GOnCYrKnHFHYtcrb9I=":{"valueMac":{"type":"Buffer","data":"rlMnJk4n4Z+ju+ut66QSWga3SFnYxcw557IqlcjI3Zk="}},"KP0CQPYSWSNcZ8yuBYb8kpiWrT0ocPLBP5wqxmuUHVM=":{"valueMac":{"type":"Buffer","data":"9y3au2sk1xVIwDE9YiFXWTGuObf6CoGXZP17eJA/QDA="}},"OpjO2EPDCuK1dzaCd0Zs2W9AF6bvuwd5QOHRdEPQk9c=":{"valueMac":{"type":"Buffer","data":"WqJ1IxZ8+c3lGWKKJrEs9R0SLZt9psDrz0tksuQqCE8="}},"gomZR4PbKatydUfTBlo32QvThjt/7Rh2ho/d8CB5PKw=":{"valueMac":{"type":"Buffer","data":"dFegnqQQT5OOQ3QgeqIzkSzW1kNu18IEV9ORPOgbqRA="}},"PF/ZDs+pV+lafbubhBipZ5q8l4pt78kIWEIexAH6hUA=":{"valueMac":{"type":"Buffer","data":"P52Xd/3TMRlE8IVwJBi0UpEf1eChJ2WNTYlwa9AVyjo="}},"NswgkA5YZ6+lZdoAE5BVdk+EYtWCPca4uXgkAlG/SUQ=":{"valueMac":{"type":"Buffer","data":"FRvPwdrRCv4Zvo3BzANvOevY1ZjQp3YCAFwOxd2cJCY="}},"gwa5kBRGx7NrMTOBtU3rAe0M0UHip+Uyx4WDcPC4fz4=":{"valueMac":{"type":"Buffer","data":"EpQgN8L/bBIqD9v0vTRI46fegSHlZgTmMPyMnvSNJKg="}},"F2950P0gWSWz9kM6Fnp9Zk/HlNi8Fy312PLBY6xyn8w=":{"valueMac":{"type":"Buffer","data":"g7NRZh/lRhJCeEdVcLXNpjTjrWXdltlGpSihNUskOJU="}},"2JG0vzwEg+GQ+p85hB8XSKy/6thWD8Ixb7Xf0vMKaM8=":{"valueMac":{"type":"Buffer","data":"gQDZMkScKKsuICQUsljP5FFPifKE1KRalt4xbVyfkH4="}},"+SK0/NhPH6dvjyh9PnwsrZgHakNc0xzNQj+/0KDrmXY=":{"valueMac":{"type":"Buffer","data":"M6s2+bsJkh/KmkMUSia6+akVgpVEoNXSblloX1U6SPo="}},"VuuqutdAYk0htIlR9f4+4SOU8yBR1zm9AX3yipqwCVs=":{"valueMac":{"type":"Buffer","data":"/gQxTggwVIm0AIdQqL5RvuGVD5nxe93cwqKy49eA8Ak="}},"hs2ZulqJKXSMz8F577puijk9KElVBKm+wr5/q8LOtrY=":{"valueMac":{"type":"Buffer","data":"q/FUThlKlQdorGVNTCgW1Ioo9j79ovAVnTX1ZiUwkkY="}},"Lrfgd+q4po6zZMRhKrLqzuUo/RWPfxkjozTSesB+euM=":{"valueMac":{"type":"Buffer","data":"90TW3iNEBeKUHB/LdxnT4jdNmUbAFt6al4wv1SxjQKM="}},"70N24B5I7YeZ1LiuFm36Jm895lYXH/l0uRt0CvQ3Acc=":{"valueMac":{"type":"Buffer","data":"6jt0TlLOWmGYXHepyF+9IyAYNFb/HG54gQglHbQG5A0="}},"X6mpPBlpHfT4B1DRH1rbQQ0iLUuoRR5beGNCg+s82qM=":{"valueMac":{"type":"Buffer","data":"fxfRvZjcFWMwbaGgFOkwc9t6khQMoUi8tYuMWLMbreE="}},"cAQvq9sj8hUTsOJCUVkL3SltgZBkF0UtIupm69DpU04=":{"valueMac":{"type":"Buffer","data":"l7tKAZx0uI8DtLvCBaAov2J5yN3/H4q6DCRQn3MJ234="}},"uat0cnPwi4BntVX8ddUlRcgHuDzlCFT6+jbWMbtNP3A=":{"valueMac":{"type":"Buffer","data":"fPhrbAiMUDY2igbdn7/imHI1qdFcHd/gB3e2CaUz23E="}},"NH5kQpdJmCFs24jvK680fgtfI+eG0J3298fRrafa6Go=":{"valueMac":{"type":"Buffer","data":"XCzMw2ICdpbQ9koBjv80vkqEq8DNMwTVG8hwPaKVjZ8="}},"+4w8GnfoaU47zLg/2DZjLRl27bbA3k8UpFeJAJC6ogw=":{"valueMac":{"type":"Buffer","data":"wPJKeVOSkqXNq0Ct7yFshM8QSiui1ngbPRK24c59nro="}},"bz9ZxvQa6cQrYOYhVk34DC9qBJOyx3lNtcGuZctX8BQ=":{"valueMac":{"type":"Buffer","data":"blPzIdrCuCdLaa1hbP0oaRz1DUDsVm+MBDO5YHvfxi8="}},"XeLeFT3/3sxvkxxfI0vGmUVN/egr6q7Il1QTbgRGb54=":{"valueMac":{"type":"Buffer","data":"ItSQ2zaUZraST3/qNBEcRWpVsP6wuwtx7dTfJ8amV/8="}},"EId5fBOOLN2rjz+czs6IFReTDSajDKE+h6ei47i+9Nk=":{"valueMac":{"type":"Buffer","data":"bo0IMLhrm9tcm1BCKYKvaR7KPpOuvL3ILb2oN+/+pgI="}},"gHzwD+wv+2qm5DpfoWr4oJ8K+KqsHjDYdVuUbmjvc7g=":{"valueMac":{"type":"Buffer","data":"s9R24O+jZRtdGkIpyu064P9ycK8eztPDgy/SBDY1ZLM="}},"BKyj9CV1W0xtFNe5kbGowkaBHe9mFaL35h7neJ2fjgc=":{"valueMac":{"type":"Buffer","data":"h1u6d8mwp2oE11ntirO12+eQVsEUz3xQ0IsLUda1pRQ="}},"BiU17NUw9jp07cqdeZXW4aUt7ig6Sjo8Ghtxt0/phc0=":{"valueMac":{"type":"Buffer","data":"/3faDeQPi75/yDdjBM6C+qOnEx1UWrWXfHYLMTnkntM="}},"zKldVXi7TDxOUTY0Ruobdp0Wc2jsjSeqtAda2voONs0=":{"valueMac":{"type":"Buffer","data":"iVwcWhmMoeGxSqJzBJ3coxPkpNppdVdjWY6YN8Yyn4U="}},"kFPhWosAProg6yS3FIdiAukognwIOqkGQp0uJUrtQjk=":{"valueMac":{"type":"Buffer","data":"3agjB3+pXhdd3lY5DQ3vFXV28yNCHL/9bxwNTzjFVEA="}},"XUHFX8nRyqaKhXmwCF3OD14iKWXntFk7LM1+vLkx/6k=":{"valueMac":{"type":"Buffer","data":"OA/VIc3LEpliwZtPlWhlkPKlBWkHiKfvJDvPSmCp4R8="}},"rJxqWEaCPJPLZzMBr2n95sBCkoZopPgRQG2m2049k3Y=":{"valueMac":{"type":"Buffer","data":"VATjNYEjXHJzmAXqu6VdbwQN1tRTPjFMPK0nd3TKobg="}},"x/RqHJlTCy9dXMK6Hj8fGCFL3OcgeqVkSh+KlHq1gaM=":{"valueMac":{"type":"Buffer","data":"8HMbeN7fyxWA/ZykN7yFSlK8kAj7kTZ76x3bDTMpEJE="}}}}