{"version":1,"hash":{"type":"Buffer","data":"L84KTaFzQjsw5cf8copN01urMKVTzCCF7ijL2sk6AUgkqovplTtxbOVoB5Rn0EZhYmX/kN9xDN0ipLEjl5O5Unvuz2UD7olaVoTkqg2osymNYXIH4idLWD47RqGJyq4ghUk56rJKQ+U4bho046vi+dXvlKfcjivBOHY1rdL0zeI="},"indexValueMap":{"F6ePwKn06VQxcKQB7+Me9RwORS4u8wRfcoJGcV4mVjA=":{"valueMac":{"type":"Buffer","data":"a25dbWYzUtRtHhRGMx23+jrsdmom8/erd3BeR3qDmG8="}},"4Z1iChWsiEeahWaD1V5LB7sho091Be6hV6GYN38F5/8=":{"valueMac":{"type":"Buffer","data":"FO0/5h0bakhjdtuMXaFNwyj6k+OxM0QlgBoB92nLWzw="}},"+NqHfWU5z9pE+DG0S5LNJblvsZt7PcH87lQ6BOXb4p8=":{"valueMac":{"type":"Buffer","data":"EHYvAGmRmJq5UkIy3a8M45zsmZ7eqFllhHk2fL3LZuw="}},"q+DF0KZ4JhZFIZbCSl0YWN08PfluFp1aLq8BTJdXnV8=":{"valueMac":{"type":"Buffer","data":"UydkGeZOoTRiqLs5qBUrfSc6zggC1/dIdLRuiUXLnPg="}},"sbQGMKN0w/Hv2DLAGB72xzxwpmNng14/8ukB7YfkAkw=":{"valueMac":{"type":"Buffer","data":"V095jYyw4LlbxeTG9DDDhDIH6Nynjlx1B61EEeoKHvg="}},"ViV0MVfHTfQseKrM1TGhF+iOGXO96ypttjdAmdUHdvo=":{"valueMac":{"type":"Buffer","data":"bw56yxKSyieQXbjruP8loEB4tIC/UDwcrTR6qYvbRRQ="}},"0R2tFhYY8TqVRKN8gN6wTexOYHvzD+X/gyU3pf8YH6s=":{"valueMac":{"type":"Buffer","data":"5hxZ45BhH5U/Dt/d5YXMg14L99PyOSRQQQShpRC4yx8="}},"Jeq1KS4CalDJP9HbwGNlivnw93N03GlIXj9g3L7/L+s=":{"valueMac":{"type":"Buffer","data":"JayKYk58Y2iTcbUO07PVz+evHGCDZvjjR7kM9BoyGEo="}},"lu5Z41Gb2EIJQWzVGeo2yzO39CU6XmGA6YBkPY+NcLc=":{"valueMac":{"type":"Buffer","data":"dM3hRtyuzJd15mKHFPPjA8vXZmd43Iv95q6vGNC+jBI="}},"L3hIZvhWa5t5GnqbhU4xhhVig6kCB3jHODs/ndCif9M=":{"valueMac":{"type":"Buffer","data":"mglEj3k6C8Kz9scAYnT1R4NhckhoQ1TwRwlNTkNVSoM="}},"/1tSZRvfnaLeR4zZ+yW4tD6WL4sYAxcNMscm8La7uoA=":{"valueMac":{"type":"Buffer","data":"fTwmbx/XbVl/rxSDY4D3aApaCsMwce3BYAlOpJiffnE="}},"0uO/LI6N2n4XJahzHZI/prAJqiD48NcumXmxm5fwC0M=":{"valueMac":{"type":"Buffer","data":"mkbFTJAc6ep5wRVaOIGeAeQiDv13nYeOlBmk/zw0Xhw="}},"Cb4UhnjkRxcy7+NPNYOU6wMPEZEvNEaBAf4CpSIA5KQ=":{"valueMac":{"type":"Buffer","data":"TApZFug666FV4yj02XkO4PFpRsOs+v1i6zjhfhmdNQA="}},"g9HWWDeKhVXUWz3ZeOUpg5Afpu+n/csFsoA9ZvN4ZCM=":{"valueMac":{"type":"Buffer","data":"6apRPUWzXmixVpVqVGoV3zda3t+HNDqXO0Gr58KzFjQ="}},"yBcNw7vkzEo1fKOEz0EJKQvc0FeDj4DjOnKmessM818=":{"valueMac":{"type":"Buffer","data":"q26gYAofLijlbSxBvR+OvyB9jw08lV35bwYUX0IFUC0="}},"4LjijyOUdpVn0BVjuGSPVr3ILC22MSeZImzUMzK9FTM=":{"valueMac":{"type":"Buffer","data":"6VaTWXn1xViMALhcmjp+zQ/2R/fIXT/U1Vxi05Biqa0="}},"wF7oG1TZsRfX6qq6QegI7JbJZe148utsW+Z2Mu2Gnbs=":{"valueMac":{"type":"Buffer","data":"R1dMNPjDY6o5bYV+SPoQN0UA8CiiG5OH6d9nljDbtFE="}}}}