{"version":1,"hash":{"type":"Buffer","data":"ZsBfeGjJhEJIj3Oj7CpbtKJ+Ox0K8Rbf3mcZV9bkqlVEMooGHsP+zG2tjDDJ5VKbpaExJio58qj+yMSyjpXVLgfBuizdpM0CFuNSg1c4yo1C3aZhboQVa8BWwAldvL099hypnd4Y3sUwZTRYas6N4uH//ymWIuPaAlbCnX4dG3Q="},"indexValueMap":{"20A64puQfgjO5X19nEo8UWKpvx193J0uySWTFMIs7dc=":{"valueMac":{"type":"Buffer","data":"9+uAyt1FzYPe9XZxpa8qAWckFQdNWAb48aDKJ8V9ii8="}},"Ti3I9BynQJhB5B7NqlTFRJWLnFsJdniOpr1f1uz9Fp4=":{"valueMac":{"type":"Buffer","data":"o9q30goZx0D7frw72LmgxmCe+YvIssSN4fCj+M5KSnk="}},"J38uLx9Mz1surxcKKIoC+5wbBqogq8HinYm+QIs796Q=":{"valueMac":{"type":"Buffer","data":"MqXRgRkvimcLCDmSh1Kwm9GPEZwE0hTYbWdlzdGFKG4="}},"KlAzIkv3DpBVjj9wp7+NrnThtgHZ8onciesDopYObro=":{"valueMac":{"type":"Buffer","data":"WQg+IHeQou60yItBLGx72NFcaUYC/pAhAzgu3XUU0mg="}},"ZSxzDUBD/rrnObs13q4XpKE2S47MEGW9CGQbgnIvWIM=":{"valueMac":{"type":"Buffer","data":"tyMsRnS/L/rm9kRof12tvJWyjqAxByYmrgJu66LQxLg="}},"/fdqJ5EGQMIrKmm1nCZMyVjkx3QNMtZwR+YxxE3OhMk=":{"valueMac":{"type":"Buffer","data":"KwqeyHqctiJamjiQE1bTli1KKIaqhlsxQQ4kFYhx/W0="}},"WVjNJ8vZc65DaGZluvvy2530OFenP0zIF0M3SZbNq+0=":{"valueMac":{"type":"Buffer","data":"aKPK3hw1Fk+1U2SzSN2bl2YdvcV71y3gxpVVUHrsOA0="}},"ykcW8iRsuVkxaSKP41UUwrb0ESo5bwN9Ig2KtP1dHGo=":{"valueMac":{"type":"Buffer","data":"xPYcJeAr4o/cjnKwF5sgtRtBKh7qYOHU2W7v9USfrpQ="}},"fFSi5rGomVR0W8zhvPO9OF0NS+1TELTIzjbLfef4Mpg=":{"valueMac":{"type":"Buffer","data":"o7ym0++OLHGYYGNpwdcSbYDAEDxsaXbMIY7E03KqQME="}},"VF9FIwLBmi/EF9dTSFHD5EJBKZ+I+DOtc+b2+9ERV38=":{"valueMac":{"type":"Buffer","data":"wsmIT3WsIssqqlQEpSVXQZcLGP3ZXrSJKrthvUoFWDA="}},"nbyjx4xWV9ZFpxcvZvt2pRSynXNt/61F74KOb7L3D34=":{"valueMac":{"type":"Buffer","data":"IGosO+G7oA+2t02SrEGmdqbNebg0uR7EbYtrePJdoRk="}},"bGXcH3vCsCpKn3VYV5Qa89mxw0qaxMkKHqDQ/ywEosA=":{"valueMac":{"type":"Buffer","data":"M0su3fS7y1UgwY/Uaqoz33jAmpal0sgrtdjZPP3PGzc="}},"gjvcygou8sdZtVz8jDetdC0LwY5PV+pzgah1WgYg7hE=":{"valueMac":{"type":"Buffer","data":"Pmxh4rGqTMQBQd4ymlPu/TZTKZCL1eo9ecAPr+UZR8o="}},"Eyr+ZOyw7iBam1pC8E76VRFP2b1Zpf55SCaVuPDOSfU=":{"valueMac":{"type":"Buffer","data":"iSIgBw/xhYFkuigmRGmkHhzXwybgyD+7QNTjqZudUSg="}},"dJnWyX/njiuEG6WE6jRDSBZwbpT0z1Dn14GJtSy8RiE=":{"valueMac":{"type":"Buffer","data":"7o0n2bPTj6fqX+8ATz5rh6edB3vLTqM6vtHczPlx2uc="}},"pNfgj0v6TCd357+ASfeEd83M3X9rVcOTWTzKPq08eLk=":{"valueMac":{"type":"Buffer","data":"2gSJ3yn4I6QAQwn+1ABErK/6pyJvi9OA9sxv1ceewwU="}},"FfZRs7e+GiwANBg7qAzd818PDkGaegybWMs6JFUurwY=":{"valueMac":{"type":"Buffer","data":"YfWCnaVb/r5LQDlXA7xUc+Sv7I9F3/HRWiYTklNviXc="}},"B0XRZaRrGD8TSGutN5e69bzJUOY4fzdMGVkt0kBi6Qg=":{"valueMac":{"type":"Buffer","data":"q5swZKG2wpqlI2PRI/+GZgVemla9N+i9Td9bfvsWD8o="}},"LoRF5O8XbVjtV8Bf270XGgV+Tr+1PznRlqesc4hS0TE=":{"valueMac":{"type":"Buffer","data":"b3ISVVjymYd2Vo4Ks393DmiUPdRWaX+MWeU7jDmvF1s="}},"p/DfxrI9q4Er+ZqgR9M2nO51P/XP+jYfiEhgX9f5T1g=":{"valueMac":{"type":"Buffer","data":"4YCRjYcjfJVTGWSSpw+6FVWCXkCfODErMdVWbCgc6a4="}},"xBACg3jjetXSuEkGu/oKu+BeLxzGpnMYoLCItztH0RU=":{"valueMac":{"type":"Buffer","data":"S5tWl3ghs+dexMu1NUHOIdwAGxfNW7c+POGAYY/eQEc="}},"pdlNlw+qydq9wP5au/EqXU/1yqeCoIEIovBFtfjRbq8=":{"valueMac":{"type":"Buffer","data":"XI9FoosoU9VuxV1/zum3BcryO8cd7vmzhV7CFdDLtOw="}},"+bOABkLMC5Pk9Bd0AaakjQQ8JFUk3uPs9cCfv7LNjSg=":{"valueMac":{"type":"Buffer","data":"oxVQWNT6NXjfF/AGfYWfaq4FknLBnZjZuLm3wAmgCF4="}},"CZagbmeqf9pwaGzyEX7FaSIURTs+f7+zjZi/Vzf0yIA=":{"valueMac":{"type":"Buffer","data":"4HvoP3iDzyIfW7ZDGf8APyKd6P6YRF+Uby4zGb78yzo="}},"TDv7oS1RI7KMtfQvi08nm4jlHno0/960OzZkItLfQpI=":{"valueMac":{"type":"Buffer","data":"SuBZvJ4nhaRgVg35cdhV4NDtSlzxJQyMGBdAiVQ6xbI="}},"FLRLHd7OhJ/r0z8tYUMzqRXAqdfdxpZQ2uSv0jcNt9g=":{"valueMac":{"type":"Buffer","data":"vZDPpIg2immoSHFh6cVMCpAeg4pVSq+gAT2mOovLsoM="}},"zagBcNwwa/SDaJoMMht0L8SQ9ikaI4scmfF3roWWQKM=":{"valueMac":{"type":"Buffer","data":"UYG0/+9zHhbmfdWJTDCFLxG0oouk5npDk2b6aTCIv7E="}},"Hw6c8VvrikWAieiqrlHLH0PT1x52EQXlXS12twb4t5A=":{"valueMac":{"type":"Buffer","data":"v1373jC86PYX/5oSGPn1BQVhn4pl4N7Zta6TUt9mRTM="}},"3iohkBajgM/MDoSD7lLyQoqK281sVSV3YQ7t5cMlwuU=":{"valueMac":{"type":"Buffer","data":"UIi5a+FNlHttS9a+5flkmDUUxFoGWgFaWghiU96yQWw="}},"eezoBoTXcf5QNBRQd9wxZZPODscZYgUI29stcg9beGA=":{"valueMac":{"type":"Buffer","data":"rq0fvH/AufSiwzj3JnrN5vhA0UXMO7dxWtB3hOdvBic="}},"n7t6PTTJrsK9N6VwS0NRhcRfInmh57tE1qvXbJlLHt4=":{"valueMac":{"type":"Buffer","data":"TzymgVP0nFgOgeWk9bD7ARsdPbZDIQJCKxDps8XAksU="}},"hUXa4O6WQ0CKs3Vzmq6T9BWJoPfohVhfC5Zo4yqPsdM=":{"valueMac":{"type":"Buffer","data":"SWmhlM7o8GSG0n1aB0DXVoRKxlCwgO050fqzwlgoUNY="}},"j7sn9rXFqzMf4gfGDc+bj4X3vyXGKD1KQlacYv0XtI8=":{"valueMac":{"type":"Buffer","data":"VytXPeh9BpPlVBI0I+0yWSkt3tdA0kcaB2xohhg2G7M="}},"PjjgNHmhCTwwdMPnQhygkvM6zG7tUtFb/pSINboDfIc=":{"valueMac":{"type":"Buffer","data":"uRI2p8jUObC7T8/1QELqR7/16TKGQLldHPBQAgoGSrk="}},"F9oiA382kdCofOrmhoBrNPvRfQm8k23Jhpp9BwnPErI=":{"valueMac":{"type":"Buffer","data":"PVjkSe76UnxB8DiSsMSicOWvdmT2YrSClLMAIvRhb50="}},"9ZIbU3nQguTW3dssYfICaz4DM+ltjB2lIe77KXrDPYY=":{"valueMac":{"type":"Buffer","data":"XS/p2e1tVq5FRO2Oy0RJm5yyRBZzevkmjME/11Pk1Ro="}},"uXCpBwrYHj0O1uHa+ysQ3G+TIBjwuPw/utVbruHZefE=":{"valueMac":{"type":"Buffer","data":"9M1AOnzlLoNclLs8uAJgljq8dyPVTjMscdbVnl+9XdE="}},"+OSZG+M7c5LOWLsGVJMRVFL9Y6M2fVD2cIm9c/i8N0Q=":{"valueMac":{"type":"Buffer","data":"dc5uO0CBbZXangclFILjbv4TlxJ6PgOM61FFWfm7SB8="}},"09PHf2N/Oftc2xRq9wIO96cRNOzfPzMtgr8u0LI9eIU=":{"valueMac":{"type":"Buffer","data":"SrUFQtw/rfQqDx39m/Rei6jso6dPsBtkZo8ykx3NBOg="}},"TYYh1qJD7D3MCvjaOmuZjzQyTcm4W44i0INEyWLm0yI=":{"valueMac":{"type":"Buffer","data":"TYL+LU+xb0GzQtY3TNbtVKM/LMXGbA0GRz0y63scSYg="}},"v2HO3kE+V0L36UhDWpVAI8+kBDCWNpRlmnVtpPtpeck=":{"valueMac":{"type":"Buffer","data":"ZPcwKBdYZU0pPTMqV0BQex2WE3UHQaJI49m0XJ3QXUg="}},"VXsTgQDz7N15eR6VC4yrsh3opNJnV3SFmJlFwA9NzgI=":{"valueMac":{"type":"Buffer","data":"b7q3ZscDQ6uf6ROmL7otCF7NmwSa7s2UKsuijecsC1g="}},"+nsIbssDuzLG43WaVmW429A0vQX39d42wJHQBmoygFg=":{"valueMac":{"type":"Buffer","data":"iP3vhIykKxtnJO+hoJEfOOobcsa757Q4+bKMhqbJUQk="}},"/a/cWXJkR8JVgxPsO+OkLGnRgb8SYf1spwOcHvMGxLY=":{"valueMac":{"type":"Buffer","data":"6x4upqZMCwJSr7HIRuJWdXdwsFOKCL81ERKjZv2A07Q="}},"can3CIk9FukH/fTYhLuy/GQ8ZqorO0O4SAFxX54OGmg=":{"valueMac":{"type":"Buffer","data":"KCZkXFtvZujMp3PGDqPg2042VipImw7FbEw18GZ9PyE="}},"gwquvK9+XVP12UoSb2mkidNu3KAjXvBf9nyX1j+N3zA=":{"valueMac":{"type":"Buffer","data":"14nqXvO4AuU6HF9kclfRwjM17OmKMJRgohmoeNjXZVg="}},"FIathktfTTLHxNGuBaMWauj0s5+DGX01rBA1ojDLdMU=":{"valueMac":{"type":"Buffer","data":"bq2M6waBcce2Bh/LXcXc5PSLkxYbyxSWTAbzUhLX8k8="}},"JBARZiFT7RiAY5JbAxwpfN+T7Dk0P/SaJDiVgit5lSk=":{"valueMac":{"type":"Buffer","data":"vdvADpI4553hKqU6sLi1wCoim/aNrfSqwTWtlw4T3yI="}},"tFYv1R0d53uIvIQT8wXY3sUvYOSURZeXxFn2wq3c88k=":{"valueMac":{"type":"Buffer","data":"1eBn4opHr/WXHONSIgUfFgGkq/uKJA5z7pbZx3Vs6Gk="}},"SX6DliF91XiWI4E9Phy0xpJkaLe0caFy1/JE6omq8Qs=":{"valueMac":{"type":"Buffer","data":"8J6UjE371huEQBnvrZ30jP3Ij3y7HpvmIn1GfUDzzWE="}},"Fb0e6HRwhi+20dxWLJoh/0dzTGbeVsC+PHmxZYo9Kgk=":{"valueMac":{"type":"Buffer","data":"dEHGDUKl4fHohD8iWr2OQ1VVURg7LMi87fXmpl/ok0Y="}},"1F/x6iEJ6pRLzfMz5Vv4dT9OGxvwExJ6sljsM0plzY4=":{"valueMac":{"type":"Buffer","data":"Xeq23u/vdMcaQRgT+pASu6LgTnCF3EysbmjRVau3qmM="}},"j0uqyN4wrLJU36kode8Ip2FAcYsuj6x3Xc+f9it55PM=":{"valueMac":{"type":"Buffer","data":"NpNzNlpB/5XEtc5BIA7H+INUI494OL7NTQsiXMxx15Q="}},"CAXV3R1BgHTTl7REzPxM1/8234ev6dWjbPKoKURQ5YE=":{"valueMac":{"type":"Buffer","data":"q4GnmwKVQaq3phMwnW+0ZuYwS93EJflR5BFGcTo2Vkg="}},"jQ8WJzzu/M9+yKXCH/ioH0HAwp6Psc8C1pcm7FaqpsE=":{"valueMac":{"type":"Buffer","data":"qwkFde+ljHI2a27zCYvWH1U/Hzb9Piq0KiTr17DY1Lo="}},"mmDWQ01GFCPRvvwNB0GfTpXBRcUEE+wJETnoieNGong=":{"valueMac":{"type":"Buffer","data":"cmG3NNGFP/Al6mvXmOS+G+5l4EIifqGbrhwiUcEsNIE="}},"l5uaMZWTlYisWklfsFR/jcrjyjPQq/kIMbNRBv05QfE=":{"valueMac":{"type":"Buffer","data":"4kQg3QpALyOkxp0zLPBH51WShs0VMb7FV1TSFsHCbUI="}},"5MolWvgv/e0JRukNgkJLBDVbEfZocrs5B9noPBZzijE=":{"valueMac":{"type":"Buffer","data":"ltm4xHGTVnWFII7ig127X3IRhHGl7W1TmPyUAbzJu9o="}},"r3nDEIk20Wnyf0g+Jp+WvjQOdDJK3T1qnwjScnwlGro=":{"valueMac":{"type":"Buffer","data":"Tzjw86FfHixmGft4mKWs6yKByoBwD+PaSL7cy6BRm3M="}},"Om1zxxe4YvuglxQP/AbkvcHb0e12vrcTEqKUPhAdhdg=":{"valueMac":{"type":"Buffer","data":"80kjceJKB0yhVyK6hwa2jk+oYHShn5O1Z0wkmfzamU4="}},"jPEAT0F3IF6KoBTpRUaHO5mWBmiw5FRrP5vUPV3+bnw=":{"valueMac":{"type":"Buffer","data":"bIrn7459tPhHoENRiDVHP7uHfGLVH921Zp7w0p2dTVE="}},"GPbyUHKbUS7ssWL5GPrlhp9aRfhpmzkzV7eNU0Ww31A=":{"valueMac":{"type":"Buffer","data":"bVWdpuctPjJeleVoVyMUJIsG+Vh51ijrgs3SFpt8hkM="}},"EIzoFVIcfXklX9hzyyM34mTihhXlieZO5m7ls+jQ+Bc=":{"valueMac":{"type":"Buffer","data":"2Bk7U4avcj4cN5uPtJ4Oo4GRnbB0VloTzday2KqYCSY="}},"uSCJzF8wMm9LKbLO7xwL2RSgHxWipqh19zOXNJlOsOE=":{"valueMac":{"type":"Buffer","data":"lCemiJCuiJdmtbxXGSGGeyy9jUza3JkUcMvUaqlgHuU="}},"gVHgTuLcl7onoCFWLHjxd9W7P6kx/tgzpSHOwfAJGTE=":{"valueMac":{"type":"Buffer","data":"H3zmRLm7X0jXfB8N5ixTBEueX/E3qaMW2iXwrdi92mc="}},"LrCStrgp75b0X1tOhcvW4a0xCLXR9p+RsCczin0o23k=":{"valueMac":{"type":"Buffer","data":"Pw2Uv0wtQqFfh9CKiab7mPaGGOMtfAuY/1Qv9gJZVlI="}},"XjIMXF3pHvRzbFjCv/Y9TojUmPCBvQYMrUcBqk7SCYk=":{"valueMac":{"type":"Buffer","data":"SrQoHtXV17JJRCu4jOIUthvu8G6k2auD9hMMuRDBBio="}},"jJB4GZbXAYH61CUCYx/j6oK8RSn3DgxwGRdLWYCKbUc=":{"valueMac":{"type":"Buffer","data":"JrUrYd4VtBmprXHlv1A69Qq6fZYjM2UFyd7JuaavNRI="}},"tTKX9O0LNLhtvptJslFUXel/EwtfnTzSrRSGknF/jGw=":{"valueMac":{"type":"Buffer","data":"ZTh4KiwcuH4cSm7REgS42cYcTA7bw0nP0fO5VjRTb0M="}},"UuknrqmaPoALNCxXrz49QoquBmqM/s6mMxQ90rgEK44=":{"valueMac":{"type":"Buffer","data":"6vsMeCfjmOVogMPVFHg0dDV9oy829RvzmWtSi9Ht9XI="}},"GzZurs6ZBE25tmicB3o0z9/xbD51qBbeLetsohLi23o=":{"valueMac":{"type":"Buffer","data":"EGK5KW785N47pPDhpAZJVdwa+McLc4JXT/AhCt87nC8="}},"JknQrw80JqAvcNA2hrL3kIV8mh/fJtmT9Q/Im6jUL0k=":{"valueMac":{"type":"Buffer","data":"4bX6C6H8JMocuP/YcUDkfj7mTDfiC1eCpcxO9IctUp4="}},"jI3XhoPPqOXjBl3DtSZV66SsTyzkiVmPsK/+qUJla5E=":{"valueMac":{"type":"Buffer","data":"ImuMQQBOoYuBB3YxwTY7AgrvIcdvG0UH1DVOAQY/PuY="}},"Z9hXbQASLIqK7e/b+niApIgvQbbv1eQ+TkPKSXNjbKo=":{"valueMac":{"type":"Buffer","data":"fehWrFDdYnJlYVY3Fu+uIN81zw1nQ31tcwJMEsqkTyI="}},"f8ESkukvjfw+lSR/IcG2DI+F1IaAUP/8a3sAoE1yyVI=":{"valueMac":{"type":"Buffer","data":"EKxdZDV7tn2FAmNwutZJdDGjL8BixElmWn+4Zm2Iau0="}},"TproLrqircJscbK6xF1BPsqU7jcXrRtuy6ivogwoSME=":{"valueMac":{"type":"Buffer","data":"O3xUhDVK0Mem6O8gvTY3JzKnsx108/8CxlKGNMXrryM="}},"KWvJ91jWxH3RNSNWYGbx2D2hgjtU4PWOr/CeAKuMTao=":{"valueMac":{"type":"Buffer","data":"lBXwB0mUw1+45hYNai2KzVjvdD9gPPD6/dDnwoOfYWE="}},"eFPC3r3I27qFG9kErKJVPj4vPE0016N7FlzRv+xLgdY=":{"valueMac":{"type":"Buffer","data":"8G8KitbB/9O2AvgKEyhcRWhfZ9oc4Hn4l3DjE9cMT20="}},"2WiIZKkgAH81tI7xksihm5CoUMs4YdaRkgO7D52rHmU=":{"valueMac":{"type":"Buffer","data":"Q+qSKM09CGy9H1FYYnwCkMSaA6wgCyzyoAichVciYEw="}},"hOmi0de/MIM9lGWDfWzxkbIg2qfZvbBT6WlYqtNUelo=":{"valueMac":{"type":"Buffer","data":"8AuSi0ZgFoLeC4fjepMrnSp/iljemMbC/4AR+wC3qg0="}},"FruMUQFrZTz8CNH/umqDGK+mtIn48+7iNAxwhW3ajZs=":{"valueMac":{"type":"Buffer","data":"CxwshGgR27RQKC1HlKRn4t4R5LbFJHF/P6Zqv8ayq+Y="}},"/FVclFN0uYZOMiF2Uchac/TjIQVRxqIs49PzgVGMuJ4=":{"valueMac":{"type":"Buffer","data":"yRX9ulgtnUcKgzoNWvlsaN/98a13ayfXdxUg3O9LXZU="}},"8CPhto3ZnI3pO54mEqORm4GGQmtBblIcWvaZpCu+Z58=":{"valueMac":{"type":"Buffer","data":"7fUHzhD8rYxBRYcP9zKM9qXHUIDvbBcJZvHfdnXYZ+w="}},"bUj0y0jD8ekVn42wmbhOV5WAvsbIIHHWETSkOgS0Y70=":{"valueMac":{"type":"Buffer","data":"2+gjxcJc2WJU8vB601fEkuOmKf6o21tmMpIAg3lp53k="}},"fSuE++Pn4czJXjaIz2CZ5vpBjPGH66mftUC97E4zmbY=":{"valueMac":{"type":"Buffer","data":"I5SSdPX9ZVEdMkYNV1kc57OFs8HBAd2bBuWZ+aOcRtE="}},"GtViIAGOWjgzP9eUGHG+q20PMNUcRUDVW+52EvEcVzA=":{"valueMac":{"type":"Buffer","data":"Z8/bgeV9kU9uteN+ql33v3FRjyMLJtgzjBEG9IQkj7A="}},"/Q1Vq8heNSURTUxcdq20NuZc2ahmKuhAuhhdeRSM03Y=":{"valueMac":{"type":"Buffer","data":"zMLIh33LuoBCRRbzgFCzn6kieE2daCJtxkPcVrT7+qc="}},"AKnIundP8sKBJ5s7tzVohQwZBylzlFLjYtyCSE7NjIc=":{"valueMac":{"type":"Buffer","data":"MY7MPkdqCwqjiLdLC6JrEcfo2w1uMP2xJ0Nwc8xPG70="}},"RdcjBhMrZSlvVV9lzSFJ5f7BYmdGvg3zyzBkvtUZ+Bg=":{"valueMac":{"type":"Buffer","data":"MfhZq4Nfpbu9hA/tOtCQqByMG0Yridi2EuSGaA79afE="}},"N2gSv0RHb0xyOEdusiCYCn3eU3UdCxljLbWjaW2/tYk=":{"valueMac":{"type":"Buffer","data":"7zcsR4/Ax3w33Kysrcp/DXBST+5lfo4rCsIQkiK0EB8="}},"xWa1A7UF4t/WR1Zcg1U/6Ln/ja7Q23n89m5hiDaO6gU=":{"valueMac":{"type":"Buffer","data":"qeO5qo4OvbQ55N0lwkmsaZ1liSQ3gVqP9vSzjUiLJoY="}},"y+Vfl33oe5ErjKVlxbAwAXtA4n14mfSZ4tjYJC2J7nc=":{"valueMac":{"type":"Buffer","data":"8zTqsZP365v0uPWeVF0WgPBSGhvUpDhrGmdTICEJ5PI="}},"TwGaJWvqdwXEbwUnQrZ2McS7sKR9zKbYmHDDC7SVfrM=":{"valueMac":{"type":"Buffer","data":"0U52dBiwI5QyqCMyoMzDmQWXNb7iCtOHDlfGkxYfzk0="}},"GbLXRxHIzA5M9JlAVVtAS2qd7vGbAVgXcMdhm+QS6I8=":{"valueMac":{"type":"Buffer","data":"Vmt+OYuT8BOirZNbMRVgjfjWYxaJu4Lyup0i7C1e1QQ="}},"+z8FaZLeFfh/JTWGaVS7ywz9U7Z5PFcqg9l8XAzopT4=":{"valueMac":{"type":"Buffer","data":"rY/G9BK095YA0NCYqHQNJ3IpIxu2vK+A9QM8EczBtbA="}},"3GvgVBRQAJU68Sb21elNvQB4lWxE4oaBnEKCYlHxmyw=":{"valueMac":{"type":"Buffer","data":"EqD9j0zdLyqC6dzg1LtXH4I0vNT4cZAgWdhCVS2I4Qc="}},"388u9mxJlfR6sIgVuSlcdeqbtpEFbDfDMdxhD2ACjzg=":{"valueMac":{"type":"Buffer","data":"lHa8Aia2CrA22vLcdkGeLGgigzTRGb3VWL3+4sYFDqY="}},"shAM7dJg3xc9yzi4Mh4jQObdY4mpWsl3xKhHB+1Hvz0=":{"valueMac":{"type":"Buffer","data":"M+IPCcwqci7DJ71w/lezla9cYHLKAVLxy1GriSqTD/U="}}}}