{"noiseKey":{"private":{"type":"Buffer","data":"UNuxTM9VzHJ5fekJTx0TyIAlvhFNZDij8OqIR8FuY3k="},"public":{"type":"Buffer","data":"RZu45/eL9kDqaGQWnAXVLZQOWmHZElNL2AV9nP1vulc="}},"pairingEphemeralKeyPair":{"private":{"type":"Buffer","data":"gF7L+3orrbJUH1rz01MjrMcvTTX5Zo7LIG5HBft6CWY="},"public":{"type":"Buffer","data":"DOnfoXB++HG8LvSasNlhDPapslljwq+WhPwprPiw0ms="}},"signedIdentityKey":{"private":{"type":"Buffer","data":"uL0+gloNoAjG6giYRZoIJT21hgtqyKojT43xYOmLUHk="},"public":{"type":"Buffer","data":"B2uvG7gPPzB+lLVF8XFL/W/awSNmtWf9srGij4DICjk="}},"signedPreKey":{"keyPair":{"private":{"type":"Buffer","data":"eKx/BUx3jZYu4xZbYc8wkSxg4F7g5i78VBYJraulPV0="},"public":{"type":"Buffer","data":"mdoX4srgg373TdDawDLgzqg+/QdKramg3OgEu6JmbiE="}},"signature":{"type":"Buffer","data":"AWTd6oClnrbSDI8yZj9MdGHsHIZ91a/2MA9pi0IZmmQI4YT7+5Da29dsDnPzivcPvwCHTEDZYvXOvvk1jX6AAA=="},"keyId":1},"registrationId":91,"advSecretKey":"U7sCz9yPnJuCL/KNxxHUAfi2yl6vUpiq7Puc67CYiuI=","processedHistoryMessages":[{"key":{"remoteJid":"6283177931811@s.whatsapp.net","fromMe":false,"id":"AC2D55C71FCFBB97E44F379651D0B1EC","participant":"","addressingMode":"pn"},"messageTimestamp":1764683597},{"key":{"remoteJid":"6283177931811@s.whatsapp.net","fromMe":false,"id":"AC57F0902E0D71F9AAFFF8BBF6734FB0","participant":"","addressingMode":"pn"},"messageTimestamp":1764683597},{"key":{"remoteJid":"6283177931811@s.whatsapp.net","fromMe":false,"id":"ACCC8AAFA941340E8927B3846BAB1698","participant":"","addressingMode":"pn"},"messageTimestamp":1764683597},{"key":{"remoteJid":"6283177931811@s.whatsapp.net","fromMe":false,"id":"AC72962A07D5F60B81134B3DEB2FCE2C","participant":"","addressingMode":"pn"},"messageTimestamp":1764683597},{"key":{"remoteJid":"6283177931811@s.whatsapp.net","fromMe":false,"id":"ACABC564AA722B121D6C7BCC20FFB5C5","participant":"","addressingMode":"pn"},"messageTimestamp":1764683606},{"key":{"remoteJid":"6283177931811@s.whatsapp.net","fromMe":false,"id":"ACF2876270F25F03EACED2EC92278C4E","participant":"","addressingMode":"pn"},"messageTimestamp":1764683610},{"key":{"remoteJid":"6283177931811@s.whatsapp.net","fromMe":false,"id":"AC074074EBE3B3C486DA32A062B1D28B","participant":"","addressingMode":"pn"},"messageTimestamp":1764683618},{"key":{"remoteJid":"6283177931811@s.whatsapp.net","fromMe":false,"id":"ACFC2764D833A108A6EBDFC13FABC13A","participant":"","addressingMode":"pn"},"messageTimestamp":1764683619},{"key":{"remoteJid":"6283177931811@s.whatsapp.net","fromMe":false,"id":"ACFF451B7F3D85EB70E3C3C81DB7678C","participant":"","addressingMode":"pn"},"messageTimestamp":1764683672},{"key":{"remoteJid":"6283177931811@s.whatsapp.net","fromMe":false,"id":"AC7CC758D63F9479ADB5601EEEB3A806","participant":"","addressingMode":"pn"},"messageTimestamp":1764683678},{"key":{"remoteJid":"6283177931811@s.whatsapp.net","fromMe":false,"id":"AC4A85507090FE9592ECBAB93CCB1623","participant":"","addressingMode":"pn"},"messageTimestamp":1764683684},{"key":{"remoteJid":"6283177931811@s.whatsapp.net","fromMe":false,"id":"AC232356AD1D0717B9A94356D2BD1B30","participant":"","addressingMode":"pn"},"messageTimestamp":1764683688},{"key":{"remoteJid":"6283177931811@s.whatsapp.net","fromMe":false,"id":"AC5311ED607CC719FCC05AAC3ABEEE78","participant":"","addressingMode":"pn"},"messageTimestamp":1764683693},{"key":{"remoteJid":"6283177931811@s.whatsapp.net","fromMe":false,"id":"AC5311ED607CC719FCC05AAC3ABEEE78","participant":"","addressingMode":"pn"},"messageTimestamp":1764683696},{"key":{"remoteJid":"6283177931811@s.whatsapp.net","fromMe":false,"id":"AC10D63496B524FF0AED4A67CA269935","participant":"","addressingMode":"pn"},"messageTimestamp":1764683700},{"key":{"remoteJid":"6283177931811@s.whatsapp.net","fromMe":false,"id":"ACEAAFE98780DAACD24A407F366B0495","participant":"","addressingMode":"pn"},"messageTimestamp":1764683702},{"key":{"remoteJid":"6283177931811@s.whatsapp.net","fromMe":false,"id":"ACF80C59F68D650E9961C4147D7AA74D","participant":"","addressingMode":"pn"},"messageTimestamp":1764683706},{"key":{"remoteJid":"6283177931811@s.whatsapp.net","fromMe":false,"id":"ACB4B9D33A1981B2EF6C625C1237FAF3","participant":"","addressingMode":"pn"},"messageTimestamp":1764683709}],"nextPreKeyId":813,"firstUnuploadedPreKeyId":813,"accountSyncCounter":3,"accountSettings":{"unarchiveChats":true},"registered":true,"pairingCode":"XBH3WSE4","me":{"id":"6283177931811:82@s.whatsapp.net","lid":"76889091784787:82@lid","name":"Dimas"},"account":{"details":"CL7BjfMGEMjeu8kGGAEgACgA","accountSignatureKey":"yHgVPeD+coZj42eF5mWqRKIGNFW5VwDGJ0Q0Gya3SBo=","accountSignature":"wPeaBCp/T2UpwobgegyjkJWLHrreg3F0Qhm49VO7LRGK67xkRQGZ6ZFRrW0Q6T9tFsbRCWmVX6mUpoqrFQ1QDw==","deviceSignature":"OXbL0J/7DRHzV5CvJtTxlpL/lqnom3LxZRBAGmPucfv9irDfN0wbSCl+tAbrgxRqEnmialsVdE/ZavTraZm3Bw=="},"signalIdentities":[{"identifier":{"name":"76889091784787:82@lid","deviceId":0},"identifierKey":{"type":"Buffer","data":"Bch4FT3g/nKGY+NnheZlqkSiBjRVuVcAxidENBsmt0ga"}}],"platform":"android","routingInfo":{"type":"Buffer","data":"CAIICAgN"},"lastAccountSyncTimestamp":1764683657,"lastPropHash":"1K4hH4","myAppStateKeyId":"AAAAAPxQ"}